{
  "roc_auc": 0.999943,
  "avg_precision": 0.999943,
  "threshold_95th": 0.00399461,
  "final_train_loss": 0.00125087,
  "final_val_loss": 0.00133338
}